date,symbol,score,score_5y,state,n_sig,heat,price
2026-10-02,QQQ,-50.4,-49.3,未進便宜區,2,,742.03
2026-10-02,VOO,10.3,2.3,未進便宜區,2,,702.35
2026-10-02,0050.TW,-77.1,-67.3,未進便宜區,3,,112.8
2026-10-02,SOXX,-14.8,-21.9,未進便宜區,3,,576.33
2026-10-02,IBB,-20.6,-26.4,未進便宜區,1,,205.96
2026-10-02,SMCI,-3.5,-6.3,未進便宜區,2,,41.92
2026-10-02,TSLA,50.0,20.0,觀察中,0,,354.11
2026-10-02,AMD,-83.7,-77.5,未進便宜區,3,,615.73
2026-10-02,SOXL,-14.8,-21.9,未進便宜區,3,,153.69
2026-10-02,USD,-32.1,-23.4,未進便宜區,3,,97.76
2026-10-02,GGLL,53.9,43.9,轉折初現,2,,96.11
2026-10-03,QQQ,-74.9,-74.0,未進便宜區,3,,749.58
2026-10-03,VOO,-3.4,-14.2,未進便宜區,2,,707.54
2026-10-03,0050.TW,-68.9,-60.4,未進便宜區,3,,112.8
2026-10-03,SOXX,-31.0,-36.8,未進便宜區,3,,588.9
2026-10-03,IBB,8.6,3.7,未進便宜區,1,,205.29
2026-10-03,SMCI,-23.0,-30.1,未進便宜區,2,,43.69
2026-10-03,TSLA,6.7,-19.7,未進便宜區,1,,370.59
2026-10-03,AMD,-90.1,-85.9,未進便宜區,2,,633.91
2026-10-03,SOXL,-31.0,-36.8,未進便宜區,3,,163.71
2026-10-03,USD,-50.6,-46.2,未進便宜區,3,,100.98
2026-10-03,GGLL,37.4,26.4,轉折確認,3,,99.06
2026-10-05,QQQ,-74.9,-74.0,未進便宜區,3,,749.58
2026-10-05,VOO,-3.4,-14.2,未進便宜區,2,,707.54
2026-10-05,0050.TW,-88.6,-83.2,未進便宜區,3,過熱,115.85
2026-10-05,SOXX,-31.0,-36.8,未進便宜區,3,,588.9
2026-10-05,IBB,8.6,3.7,未進便宜區,1,,205.29
2026-10-05,SMCI,-23.0,-30.1,未進便宜區,2,,43.69
2026-10-05,TSLA,6.7,-19.7,未進便宜區,1,,370.59
2026-10-05,AMD,-90.1,-85.9,未進便宜區,2,,633.91
2026-10-05,SOXL,-31.0,-36.8,未進便宜區,3,,163.71
2026-10-05,USD,-50.6,-46.2,未進便宜區,3,,100.98
2026-10-05,GGLL,37.4,26.4,轉折確認,3,,99.06
2026-10-05,00631L.TW,-88.3,-83.1,未進便宜區,3,過熱,41.5
2026-10-05,00663L.TW,-88.3,-83.1,未進便宜區,3,過熱,119.95
2026-10-05,00685L.TW,-88.3,-83.1,未進便宜區,3,過熱,13.72
2026-10-05,0052.TW,-90.5,-85.2,未進便宜區,3,,67.75
2026-10-05,00892.TW,-55.9,-55.8,未進便宜區,3,,44.12
2026-10-05,00947.TW,,,,3,,40.88
2026-10-05,00830.TW,-36.8,-42.7,未進便宜區,3,,93.25
2026-10-05,00941.TW,,,,3,,27.07
2026-10-05,00990A.TW,,,,3,,16.68
2026-10-05,00995A.TW,,,,2,,18.64
2026-10-05,009816.TW,,,,2,,16.97
2026-10-05,00662.TW,-79.8,-78.8,未進便宜區,3,,126.45
2026-10-05,009800.TW,,,,3,,13.69
2026-10-05,009801.TW,,,,3,,11.84
2026-10-05,00757.TW,-48.9,-53.0,未進便宜區,2,,144.4
2026-10-05,6940.TW,,,,0,,17.0
2026-10-05,AU9901.TW,86.5,90.2,轉折初現,1,,16122.0
2026-10-05,GOOG,37.4,26.4,轉折確認,3,,340.35
2026-10-05,PLTR,-43.8,-44.8,未進便宜區,2,,188.75
2026-10-05,AMDC,-90.1,-85.9,未進便宜區,2,,30.5
2026-10-05,MUU,-41.3,-27.2,未進便宜區,3,,37.1
2026-10-05,SKUU,30.9,37.2,轉折確認,3,,31.5
2026-10-05,SNXX,,,,2,,16.33
2026-10-05,MAGX,,,,2,,63.07
